id,codigo,descripcion,provincia_id
2000,01,TACNA,208
300,03,CUMBA,8
392,02,HUALLANCA,21
575,25,VITOR,39
750,11,SORAS,56
221,01,CHACHAPOYAS,2
222,02,ASUNCION,2
223,03,BALSAS,2
224,04,CHETO,2
225,05,CHILIQUIN,2
226,06,CHUQUIBAMBA,2
227,07,GRANADA,2
228,08,HUANCAS,2
229,09,LA JALCA,2
230,10,LEIMEBAMBA,2
231,11,LEVANTO,2
232,12,MAGDALENA,2
233,13,MARISCAL CASTILLA,2
234,14,MOLINOPAMPA,2
235,15,MONTEVIDEO,2
236,16,OLLEROS,2
237,17,QUINJALCA,2
238,18,SAN FRANCISCO DE DAGUAS,2
239,19,SAN ISIDRO DE MAINO,2
240,20,SOLOCO,2
241,21,SONCHE,2
242,01,BAGUA,3
243,02,ARAMANGO,3
244,03,COPALLIN,3
245,04,EL PARCO,3
246,05,IMAZA,3
247,06,LA PECA,3
248,01,JUMBILLA,4
249,02,CHISQUILLA,4
250,03,CHURUJA,4
251,04,COROSHA,4
252,05,CUISPES,4
253,06,FLORIDA,4
254,07,JAZAN,4
255,08,RECTA,4
256,09,SAN CARLOS,4
257,10,SHIPASBAMBA,4
258,11,VALERA,4
259,12,YAMBRASBAMBA,4
260,01,NIEVA,5
261,02,EL CENEPA,5
262,03,RIO SANTIAGO,5
263,01,LAMUD,6
264,02,CAMPORREDONDO,6
265,03,COCABAMBA,6
266,04,COLCAMAR,6
267,05,CONILA,6
268,06,INGUILPATA,6
269,07,LONGUITA,6
270,08,LONYA CHICO,6
271,09,LUYA,6
272,10,LUYA VIEJO,6
273,11,MARIA,6
274,12,OCALLI,6
275,13,OCUMAL,6
276,14,PISUQUIA,6
277,15,PROVIDENCIA,6
278,16,SAN CRISTOBAL,6
279,17,SAN FRANCISCO DEL YESO,6
280,18,SAN JERONIMO,6
281,19,SAN JUAN DE LOPECANCHA,6
282,20,SANTA CATALINA,6
283,21,SANTO TOMAS,6
284,22,TINGO,6
285,23,TRITA,6
286,01,SAN NICOLAS,7
287,02,CHIRIMOTO,7
288,03,COCHAMAL,7
289,04,HUAMBO,7
290,05,LIMABAMBA,7
291,06,LONGAR,7
292,07,MARISCAL BENAVIDES,7
293,08,MILPUC,7
294,09,OMIA,7
295,10,SANTA ROSA,7
296,11,TOTORA,7
297,12,VISTA ALEGRE,7
298,01,BAGUA GRANDE,8
299,02,CAJARURO,8
301,04,EL MILAGRO,8
302,05,JAMALCA,8
303,06,LONYA GRANDE,8
304,07,YAMON,8
305,01,HUARAZ,10
306,02,COCHABAMBA,10
307,03,COLCABAMBA,10
308,04,HUANCHAY,10
309,05,INDEPENDENCIA,10
310,06,JANGAS,10
311,07,LA LIBERTAD,10
312,08,OLLEROS,10
313,09,PAMPAS,10
314,10,PARIACOTO,10
315,11,PIRA,10
316,12,TARICA,10
317,01,AIJA,11
318,02,CORIS,11
319,03,HUACLLAN,11
320,04,LA MERCED,11
321,05,SUCCHA,11
322,01,LLAMELLIN,12
323,02,ACZO,12
324,03,CHACCHO,12
325,04,CHINGAS,12
326,05,MIRGAS,12
327,06,SAN JUAN DE RONTOY,12
328,01,CHACAS,13
329,02,ACOCHACA,13
330,01,CHIQUIAN,14
331,02,ABELARDO PARDO LEZAMETA,14
332,03,ANTONIO RAYMONDI,14
333,04,AQUIA,14
334,05,CAJACAY,14
335,06,CANIS,14
336,07,COLQUIOC,14
337,08,HUALLANCA,14
338,09,HUASTA,14
339,10,HUAYLLACAYAN,14
340,11,LA PRIMAVERA,14
341,12,MANGAS,14
342,13,PACLLON,14
343,14,SAN MIGUEL DE CORPANQUI,14
344,15,TICLLOS,14
345,01,CARHUAZ,15
346,02,ACOPAMPA,15
347,03,AMASHCA,15
348,04,ANTA,15
349,05,ATAQUERO,15
350,06,MARCARA,15
351,07,PARIAHUANCA,15
352,08,SAN MIGUEL DE ACO,15
353,09,SHILLA,15
354,10,TINCO,15
355,11,YUNGAR,15
356,01,SAN LUIS,16
357,02,SAN NICOLAS,16
358,03,YAUYA,16
359,01,CASMA,17
360,02,BUENA VISTA ALTA,17
361,03,COMANDANTE NOEL,17
362,04,YAUTAN,17
363,01,CORONGO,18
364,02,ACO,18
365,03,BAMBAS,18
366,04,CUSCA,18
367,05,LA PAMPA,18
368,06,YANAC,18
369,07,YUPAN,18
370,01,HUARI,19
371,02,ANRA,19
372,03,CAJAY,19
373,04,CHAVIN DE HUANTAR,19
374,05,HUACACHI,19
375,06,HUACCHIS,19
376,07,HUACHIS,19
377,08,HUANTAR,19
378,09,MASIN,19
379,10,PAUCAS,19
380,11,PONTO,19
381,12,RAHUAPAMPA,19
382,13,RAPAYAN,19
383,14,SAN MARCOS,19
384,15,SAN PEDRO DE CHANA,19
385,16,UCO,19
386,01,HUARMEY,20
387,02,COCHAPETI,20
388,03,CULEBRAS,20
389,04,HUAYAN,20
390,05,MALVAS,20
391,01,CARAZ,21
393,03,HUATA,21
394,04,HUAYLAS,21
395,05,MATO,21
396,06,PAMPAROMAS,21
397,07,PUEBLO LIBRE,21
398,08,SANTA CRUZ,21
399,09,SANTO TORIBIO,21
400,10,YURACMARCA,21
401,01,PISCOBAMBA,22
402,02,CASCA,22
403,03,ELEAZAR GUZMAN BARRON,22
404,04,FIDEL OLIVAS ESCUDERO,22
405,05,LLAMA,22
406,06,LLUMPA,22
407,07,LUCMA,22
408,08,MUSGA,22
409,01,OCROS,23
410,02,ACAS,23
411,03,CAJAMARQUILLA,23
412,04,CARHUAPAMPA,23
413,05,COCHAS,23
414,06,CONGAS,23
415,07,LLIPA,23
416,08,SAN CRISTOBAL DE RAJAN,23
417,09,SAN PEDRO,23
418,10,SANTIAGO DE CHILCAS,23
419,01,CABANA,24
420,02,BOLOGNESI,24
421,03,CONCHUCOS,24
422,04,HUACASCHUQUE,24
423,05,HUANDOVAL,24
424,06,LACABAMBA,24
425,07,LLAPO,24
426,08,PALLASCA,24
427,09,PAMPAS,24
428,10,SANTA ROSA,24
429,11,TAUCA,24
430,01,POMABAMBA,25
431,02,HUAYLLAN,25
432,03,PAROBAMBA,25
433,04,QUINUABAMBA,25
434,01,RECUAY,26
435,02,CATAC,26
436,03,COTAPARACO,26
437,04,HUAYLLAPAMPA,26
438,05,LLACLLIN,26
439,06,MARCA,26
440,07,PAMPAS CHICO,26
441,08,PARARIN,26
442,09,TAPACOCHA,26
443,10,TICAPAMPA,26
444,01,CHIMBOTE,27
445,02,CACERES DEL PERU,27
446,03,COISHCO,27
447,04,MACATE,27
448,05,MORO,27
449,06,NEPEÑA,27
450,07,SAMANCO,27
451,08,SANTA,27
452,09,NUEVO CHIMBOTE,27
453,01,SIHUAS,28
454,02,ACOBAMBA,28
455,03,ALFONSO UGARTE,28
456,04,CASHAPAMPA,28
457,05,CHINGALPO,28
458,06,HUAYLLABAMBA,28
459,07,QUICHES,28
460,08,RAGASH,28
461,09,SAN JUAN,28
462,10,SICSIBAMBA,28
463,01,YUNGAY,29
464,02,CASCAPARA,29
465,03,MANCOS,29
466,04,MATACOTO,29
467,05,QUILLO,29
468,06,RANRAHIRCA,29
469,07,SHUPLUY,29
470,08,YANAMA,29
471,01,ABANCAY,31
472,02,CHACOCHE,31
473,03,CIRCA,31
474,04,CURAHUASI,31
475,05,HUANIPACA,31
476,06,LAMBRAMA,31
477,07,PICHIRHUA,31
478,08,SAN PEDRO DE CACHORA,31
479,09,TAMBURCO,31
480,01,ANDAHUAYLAS,32
481,02,ANDARAPA,32
482,03,CHIARA,32
483,04,HUANCARAMA,32
484,05,HUANCARAY,32
485,06,HUAYANA,32
486,07,KISHUARA,32
487,08,PACOBAMBA,32
488,09,PACUCHA,32
489,10,PAMPACHIRI,32
490,11,POMACOCHA,32
491,12,SAN ANTONIO DE CACHI,32
492,13,SAN JERONIMO,32
493,14,SAN MIGUEL DE CHACCRAMPA,32
494,15,SANTA MARIA DE CHICMO,32
495,16,TALAVERA,32
496,17,TUMAY HUARACA,32
497,18,TURPO,32
498,19,KAQUIABAMBA,32
499,01,ANTABAMBA,33
500,02,EL ORO,33
501,03,HUAQUIRCA,33
502,04,JUAN ESPINOZA MEDRANO,33
503,05,OROPESA,33
504,06,PACHACONAS,33
505,07,SABAINO,33
506,01,CHALHUANCA,34
507,02,CAPAYA,34
508,03,CARAYBAMBA,34
509,04,CHAPIMARCA,34
510,05,COLCABAMBA,34
511,06,COTARUSE,34
512,07,HUAYLLO,34
513,08,JUSTO APU SAHUARAURA,34
514,09,LUCRE,34
515,10,POCOHUANCA,34
516,11,SAN JUAN DE CHACÑA,34
517,12,SAÑAYCA,34
518,13,SORAYA,34
519,14,TAPAIRIHUA,34
520,15,TINTAY,34
521,16,TORAYA,34
522,17,YANACA,34
523,01,TAMBOBAMBA,35
524,02,COTABAMBAS,35
525,03,COYLLURQUI,35
526,04,HAQUIRA,35
527,05,MARA,35
528,06,CHALLHUAHUACHO,35
529,01,CHINCHEROS,36
530,02,ANCO_HUALLO,36
531,03,COCHARCAS,36
532,04,HUACCANA,36
533,05,OCOBAMBA,36
534,06,ONGOY,36
535,07,URANMARCA,36
536,08,RANRACANCHA,36
537,01,CHUQUIBAMBILLA,37
538,02,CURPAHUASI,37
539,03,GAMARRA,37
540,04,HUAYLLATI,37
541,05,MAMARA,37
542,06,MICAELA BASTIDAS,37
543,07,PATAYPAMPA,37
544,08,PROGRESO,37
545,09,SAN ANTONIO,37
546,10,SANTA ROSA,37
547,11,TURPAY,37
548,12,VILCABAMBA,37
549,13,VIRUNDO,37
550,14,CURASCO,37
551,01,AREQUIPA,39
552,02,ALTO SELVA ALEGRE,39
553,03,CAYMA,39
554,04,CERRO COLORADO,39
555,05,CHARACATO,39
556,06,CHIGUATA,39
557,07,JACOBO HUNTER,39
558,08,LA JOYA,39
559,09,MARIANO MELGAR,39
560,10,MIRAFLORES,39
561,11,MOLLEBAYA,39
562,12,PAUCARPATA,39
563,13,POCSI,39
564,14,POLOBAYA,39
565,15,QUEQUEÑA,39
566,16,SABANDIA,39
567,17,SACHACA,39
568,18,SAN JUAN DE SIGUAS,39
569,19,SAN JUAN DE TARUCANI,39
570,20,SANTA ISABEL DE SIGUAS,39
571,21,SANTA RITA DE SIGUAS,39
572,22,SOCABAYA,39
573,23,TIABAYA,39
574,24,UCHUMAYO,39
576,26,YANAHUARA,39
577,27,YARABAMBA,39
578,28,YURA,39
579,29,JOSE LUIS BUSTAMANTE Y RIVERO,39
580,01,CAMANA,40
581,02,JOSE MARIA QUIMPER,40
582,03,MARIANO NICOLAS VALCARCEL,40
583,04,MARISCAL CACERES,40
584,05,NICOLAS DE PIEROLA,40
585,06,OCOÑA,40
586,07,QUILCA,40
587,08,SAMUEL PASTOR,40
588,01,CARAVELI,41
589,02,ACARI,41
590,03,ATICO,41
591,04,ATIQUIPA,41
592,05,BELLA UNION,41
593,06,CAHUACHO,41
594,07,CHALA,41
595,08,CHAPARRA,41
596,09,HUANUHUANU,41
597,10,JAQUI,41
598,11,LOMAS,41
599,12,QUICACHA,41
600,13,YAUCA,41
601,01,APLAO,42
602,02,ANDAGUA,42
603,03,AYO,42
604,04,CHACHAS,42
605,05,CHILCAYMARCA,42
606,06,CHOCO,42
607,07,HUANCARQUI,42
608,08,MACHAGUAY,42
609,09,ORCOPAMPA,42
610,10,PAMPACOLCA,42
611,11,TIPAN,42
612,12,UÑON,42
613,13,URACA,42
614,14,VIRACO,42
615,01,CHIVAY,43
616,02,ACHOMA,43
617,03,CABANACONDE,43
618,04,CALLALLI,43
619,05,CAYLLOMA,43
620,06,COPORAQUE,43
621,07,HUAMBO,43
622,08,HUANCA,43
623,09,ICHUPAMPA,43
624,10,LARI,43
625,11,LLUTA,43
626,12,MACA,43
627,13,MADRIGAL,43
628,14,SAN ANTONIO DE CHUCA,43
629,15,SIBAYO,43
630,16,TAPAY,43
631,17,TISCO,43
632,18,TUTI,43
633,19,YANQUE,43
634,20,MAJES,43
635,01,CHUQUIBAMBA,44
636,02,ANDARAY,44
637,03,CAYARANI,44
638,04,CHICHAS,44
639,05,IRAY,44
640,06,RIO GRANDE,44
641,07,SALAMANCA,44
642,08,YANAQUIHUA,44
643,01,MOLLENDO,45
644,02,COCACHACRA,45
645,03,DEAN VALDIVIA,45
646,04,ISLAY,45
647,05,MEJIA,45
648,06,PUNTA DE BOMBON,45
649,01,COTAHUASI,46
650,02,ALCA,46
651,03,CHARCANA,46
652,04,HUAYNACOTAS,46
653,05,PAMPAMARCA,46
654,06,PUYCA,46
655,07,QUECHUALLA,46
656,08,SAYLA,46
657,09,TAURIA,46
658,10,TOMEPAMPA,46
659,11,TORO,46
660,01,AYACUCHO,48
661,02,ACOCRO,48
662,03,ACOS VINCHOS,48
663,04,CARMEN ALTO,48
664,05,CHIARA,48
665,06,OCROS,48
666,07,PACAYCASA,48
667,08,QUINUA,48
668,09,SAN JOSE DE TICLLAS,48
669,10,SAN JUAN BAUTISTA,48
670,11,SANTIAGO DE PISCHA,48
671,12,SOCOS,48
672,13,TAMBILLO,48
673,14,VINCHOS,48
674,15,JESUS NAZARENO,48
675,01,CANGALLO,49
676,02,CHUSCHI,49
677,03,LOS MOROCHUCOS,49
678,04,MARIA PARADO DE BELLIDO,49
679,05,PARAS,49
680,06,TOTOS,49
681,01,SANCOS,50
682,02,CARAPO,50
683,03,SACSAMARCA,50
684,04,SANTIAGO DE LUCANAMARCA,50
685,01,HUANTA,51
686,02,AYAHUANCO,51
687,03,HUAMANGUILLA,51
688,04,IGUAIN,51
689,05,LURICOCHA,51
690,06,SANTILLANA,51
691,07,SIVIA,51
692,08,LLOCHEGUA,51
693,01,SAN MIGUEL,52
694,02,ANCO,52
695,03,AYNA,52
696,04,CHILCAS,52
697,05,CHUNGUI,52
698,06,LUIS CARRANZA,52
699,07,SANTA ROSA,52
700,08,TAMBO,52
701,01,PUQUIO,53
702,02,AUCARA,53
703,03,CABANA,53
704,04,CARMEN SALCEDO,53
705,05,CHAVIÑA,53
706,06,CHIPAO,53
707,07,HUAC-HUAS,53
708,08,LARAMATE,53
709,09,LEONCIO PRADO,53
710,10,LLAUTA,53
711,11,LUCANAS,53
712,12,OCAÑA,53
713,13,OTOCA,53
714,14,SAISA,53
715,15,SAN CRISTOBAL,53
716,16,SAN JUAN,53
717,17,SAN PEDRO,53
718,18,SAN PEDRO DE PALCO,53
719,19,SANCOS,53
720,20,SANTA ANA DE HUAYCAHUACHO,53
721,21,SANTA LUCIA,53
722,01,CORACORA,54
723,02,CHUMPI,54
724,03,CORONEL CASTAÑEDA,54
725,04,PACAPAUSA,54
726,05,PULLO,54
727,06,PUYUSCA,54
728,07,SAN FRANCISCO DE RAVACAYCO,54
729,08,UPAHUACHO,54
730,01,PAUSA,55
731,02,COLTA,55
732,03,CORCULLA,55
733,04,LAMPA,55
734,05,MARCABAMBA,55
735,06,OYOLO,55
736,07,PARARCA,55
737,08,SAN JAVIER DE ALPABAMBA,55
738,09,SAN JOSE DE USHUA,55
739,10,SARA SARA,55
740,01,QUEROBAMBA,56
741,02,BELEN,56
742,03,CHALCOS,56
743,04,CHILCAYOC,56
744,05,HUACAÑA,56
745,06,MORCOLLA,56
746,07,PAICO,56
747,08,SAN PEDRO DE LARCAY,56
748,09,SAN SALVADOR DE QUIJE,56
749,10,SANTIAGO DE PAUCARAY,56
751,01,HUANCAPI,57
752,02,ALCAMENCA,57
753,03,APONGO,57
754,04,ASQUIPATA,57
755,05,CANARIA,57
756,06,CAYARA,57
757,07,COLCA,57
758,08,HUAMANQUIQUIA,57
759,09,HUANCARAYLLA,57
760,10,HUAYA,57
761,11,SARHUA,57
762,12,VILCANCHOS,57
763,01,VILCAS HUAMAN,58
764,02,ACCOMARCA,58
765,03,CARHUANCA,58
766,04,CONCEPCION,58
767,05,HUAMBALPA,58
768,06,INDEPENDENCIA,58
769,07,SAURAMA,58
770,08,VISCHONGO,58
771,01,CAJAMARCA,60
772,02,ASUNCION,60
773,03,CHETILLA,60
774,04,COSPAN,60
775,05,ENCAÑADA,60
776,06,JESUS,60
777,07,LLACANORA,60
778,08,LOS BAÑOS DEL INCA,60
779,09,MAGDALENA,60
780,10,MATARA,60
781,11,NAMORA,60
782,12,SAN JUAN,60
783,01,CAJABAMBA,61
784,02,CACHACHI,61
785,03,CONDEBAMBA,61
786,04,SITACOCHA,61
787,01,CELENDIN,62
788,02,CHUMUCH,62
789,03,CORTEGANA,62
790,04,HUASMIN,62
791,05,JORGE CHAVEZ,62
792,06,JOSE GALVEZ,62
793,07,MIGUEL IGLESIAS,62
794,08,OXAMARCA,62
795,09,SOROCHUCO,62
796,10,SUCRE,62
797,11,UTCO,62
798,12,LA LIBERTAD DE PALLAN,62
799,01,CHOTA,63
800,02,ANGUIA,63
801,03,CHADIN,63
802,04,CHIGUIRIP,63
803,05,CHIMBAN,63
804,06,CHOROPAMPA,63
805,07,COCHABAMBA,63
806,08,CONCHAN,63
807,09,HUAMBOS,63
808,10,LAJAS,63
809,11,LLAMA,63
810,12,MIRACOSTA,63
811,13,PACCHA,63
812,14,PION,63
813,15,QUEROCOTO,63
814,16,SAN JUAN DE LICUPIS,63
815,17,TACABAMBA,63
816,18,TOCMOCHE,63
817,19,CHALAMARCA,63
818,01,CONTUMAZA,64
819,02,CHILETE,64
820,03,CUPISNIQUE,64
821,04,GUZMANGO,64
822,05,SAN BENITO,64
823,06,SANTA CRUZ DE TOLED,64
824,07,TANTARICA,64
825,08,YONAN,64
826,01,CUTERVO,65
827,02,CALLAYUC,65
828,03,CHOROS,65
829,04,CUJILLO,65
830,05,LA RAMADA,65
831,06,PIMPINGOS,65
832,07,QUEROCOTILLO,65
833,08,SAN ANDRES DE CUTERVO,65
834,09,SAN JUAN DE CUTERVO,65
835,10,SAN LUIS DE LUCMA,65
836,11,SANTA CRUZ,65
837,12,SANTO DOMINGO DE LA CAPILLA,65
838,13,SANTO TOMAS,65
839,14,SOCOTA,65
840,15,TORIBIO CASANOVA,65
841,01,BAMBAMARCA,66
842,02,CHUGUR,66
843,03,HUALGAYOC,66
844,01,JAEN,67
845,02,BELLAVISTA,67
846,03,CHONTALI,67
847,04,COLASAY,67
848,05,HUABAL,67
849,06,LAS PIRIAS,67
850,07,POMAHUACA,67
851,08,PUCARA,67
852,09,SALLIQUE,67
853,10,SAN FELIPE,67
854,11,SAN JOSE DEL ALTO,67
855,12,SANTA ROSA,67
856,01,SAN IGNACIO,68
857,02,CHIRINOS,68
858,03,HUARANGO,68
859,04,LA COIPA,68
860,05,NAMBALLE,68
946,03,COMBAPATA,81
861,06,SAN JOSE DE LOURDES,68
862,07,TABACONAS,68
863,01,PEDRO GALVEZ,69
864,02,CHANCAY,69
865,03,EDUARDO VILLANUEVA,69
866,04,GREGORIO PITA,69
867,05,ICHOCAN,69
868,06,JOSE MANUEL QUIROZ,69
869,07,JOSE SABOGAL,69
870,01,SAN MIGUEL,70
871,02,BOLIVAR,70
872,03,CALQUIS,70
873,04,CATILLUC,70
874,05,EL PRADO,70
875,06,LA FLORIDA,70
876,07,LLAPA,70
877,08,NANCHOC,70
878,09,NIEPOS,70
879,10,SAN GREGORIO,70
880,11,SAN SILVESTRE DE COCHAN,70
881,12,TONGOD,70
882,13,UNION AGUA BLANCA,70
883,01,SAN PABLO,71
884,02,SAN BERNARDINO,71
885,03,SAN LUIS,71
886,04,TUMBADEN,71
887,01,SANTA CRUZ,72
888,02,ANDABAMBA,72
889,03,CATACHE,72
890,04,CHANCAYBAÑOS,72
891,05,LA ESPERANZA,72
892,06,NINABAMBA,72
893,07,PULAN,72
894,08,SAUCEPAMPA,72
895,09,SEXI,72
896,10,UTICYACU,72
897,11,YAUYUCAN,72
898,01,CALLAO,74
899,02,BELLAVISTA,74
900,03,CARMEN DE LA LEGUA REYNOSO,74
901,04,LA PERLA,74
902,05,LA PUNTA,74
903,06,VENTANILLA,74
904,01,CUSCO,76
905,02,CCORCA,76
906,03,POROY,76
907,04,SAN JERONIMO,76
908,05,SAN SEBASTIAN,76
909,06,SANTIAGO,76
910,07,SAYLLA,76
911,08,WANCHAQ,76
912,01,ACOMAYO,77
913,02,ACOPIA,77
914,03,ACOS,77
915,04,MOSOC LLACTA,77
916,05,POMACANCHI,77
917,06,RONDOCAN,77
918,07,SANGARARA,77
919,01,ANTA,78
920,02,ANCAHUASI,78
921,03,CACHIMAYO,78
922,04,CHINCHAYPUJIO,78
923,05,HUAROCONDO,78
924,06,LIMATAMBO,78
925,07,MOLLEPATA,78
926,08,PUCYURA,78
927,09,ZURITE,78
928,01,CALCA,79
929,02,COYA,79
930,03,LAMAY,79
931,04,LARES,79
932,05,PISAC,79
933,06,SAN SALVADOR,79
934,07,TARAY,79
935,08,YANATILE,79
936,01,YANAOCA,80
937,02,CHECCA,80
938,03,KUNTURKANKI,80
939,04,LANGUI,80
940,05,LAYO,80
941,06,PAMPAMARCA,80
942,07,QUEHUE,80
943,08,TUPAC AMARU,80
944,01,SICUANI,81
945,02,CHECACUPE,81
947,04,MARANGANI,81
948,05,PITUMARCA,81
949,06,SAN PABLO,81
950,07,SAN PEDRO,81
951,08,TINTA,81
952,01,SANTO TOMAS,82
953,02,CAPACMARCA,82
954,03,CHAMACA,82
955,04,COLQUEMARCA,82
956,05,LIVITACA,82
957,06,LLUSCO,82
958,07,QUIÑOTA,82
959,08,VELILLE,82
960,01,ESPINAR,83
961,02,CONDOROMA,83
962,03,COPORAQUE,83
963,04,OCORURO,83
964,05,PALLPATA,83
965,06,PICHIGUA,83
966,07,SUYCKUTAMBO,83
967,08,ALTO PICHIGUA,83
968,01,SANTA ANA,84
969,02,ECHARATE,84
970,03,HUAYOPATA,84
971,04,MARANURA,84
972,05,OCOBAMBA,84
973,06,QUELLOUNO,84
974,07,KIMBIRI,84
975,08,SANTA TERESA,84
976,09,VILCABAMBA,84
977,10,PICHARI,84
978,01,PARURO,85
979,02,ACCHA,85
980,03,CCAPI,85
981,04,COLCHA,85
982,05,HUANOQUITE,85
983,06,OMACHA,85
984,07,PACCARITAMBO,85
985,08,PILLPINTO,85
986,09,YAURISQUE,85
987,01,PAUCARTAMBO,86
988,02,CAICAY,86
989,03,CHALLABAMBA,86
990,04,COLQUEPATA,86
991,05,HUANCARANI,86
992,06,KOSÑIPATA,86
993,01,URCOS,87
994,02,ANDAHUAYLILLAS,87
995,03,CAMANTI,87
996,04,CCARHUAYO,87
997,05,CCATCA,87
998,06,CUSIPATA,87
999,07,HUARO,87
1000,08,LUCRE,87
1001,09,MARCAPATA,87
1002,10,OCONGATE,87
1003,11,OROPESA,87
1004,12,QUIQUIJANA,87
1005,01,URUBAMBA,88
1006,02,CHINCHERO,88
1007,03,HUAYLLABAMBA,88
1008,04,MACHUPICCHU,88
1009,05,MARAS,88
1010,06,OLLANTAYTAMBO,88
1011,07,YUCAY,88
1012,01,HUANCAVELICA,90
1013,02,ACOBAMBILLA,90
1014,03,ACORIA,90
1015,04,CONAYCA,90
1016,05,CUENCA,90
1017,06,HUACHOCOLPA,90
1018,07,HUAYLLAHUARA,90
1019,08,IZCUCHACA,90
1020,09,LARIA,90
1021,10,MANTA,90
1022,11,MARISCAL CACERES,90
1023,12,MOYA,90
1024,13,NUEVO OCCORO,90
1025,14,PALCA,90
1026,15,PILCHACA,90
1027,16,VILCA,90
1028,17,YAULI,90
1029,18,ASCENSION,90
1030,19,HUANDO,90
1031,01,ACOBAMBA,91
1032,02,ANDABAMBA,91
1033,03,ANTA,91
1034,04,CAJA,91
1035,05,MARCAS,91
1036,06,PAUCARA,91
1037,07,POMACOCHA,91
1038,08,ROSARIO,91
1039,01,LIRCAY,92
1040,02,ANCHONGA,92
1041,03,CALLANMARCA,92
1042,04,CCOCHACCASA,92
1043,05,CHINCHO,92
1044,06,CONGALLA,92
1045,07,HUANCA-HUANCA,92
1046,08,HUAYLLAY GRANDE,92
1047,09,JULCAMARCA,92
1048,10,SAN ANTONIO DE ANTAPARCO,92
1049,11,SANTO TOMAS DE PATA,92
1050,12,SECCLLA,92
1051,01,CASTROVIRREYNA,93
1052,02,ARMA,93
1053,03,AURAHUA,93
1054,04,CAPILLAS,93
1055,05,CHUPAMARCA,93
1056,06,COCAS,93
1057,07,HUACHOS,93
1058,08,HUAMATAMBO,93
1059,09,MOLLEPAMPA,93
1060,10,SAN JUAN,93
1061,11,SANTA ANA,93
1062,12,TANTARA,93
1063,13,TICRAPO,93
1064,01,CHURCAMPA,94
1065,02,ANCO,94
1066,03,CHINCHIHUASI,94
1067,04,EL CARMEN,94
1068,05,LA MERCED,94
1069,06,LOCROJA,94
1070,07,PAUCARBAMBA,94
1071,08,SAN MIGUEL DE MAYOCC,94
1072,09,SAN PEDRO DE CORIS,94
1073,10,PACHAMARCA,94
1074,01,HUAYTARA,95
1075,02,AYAVI,95
1076,03,CORDOVA,95
1077,04,HUAYACUNDO ARMA,95
1078,05,LARAMARCA,95
1079,06,OCOYO,95
1080,07,PILPICHACA,95
1081,08,QUERCO,95
1082,09,QUITO-ARMA,95
1083,10,SAN ANTONIO DE CUSICANCHA,95
1084,11,SAN FRANCISCO DE SANGAYAICO,95
1085,12,SAN ISIDRO,95
1086,13,SANTIAGO DE CHOCORVOS,95
1087,14,SANTIAGO DE QUIRAHUARA,95
1088,15,SANTO DOMINGO DE CAPILLAS,95
1089,16,TAMBO,95
1090,01,PAMPAS,96
1091,02,ACOSTAMBO,96
1092,03,ACRAQUIA,96
1093,04,AHUAYCHA,96
1094,05,COLCABAMBA,96
1095,06,DANIEL HERNANDEZ,96
1096,07,HUACHOCOLPA,96
1097,09,HUARIBAMBA,96
1098,10,ÑAHUIMPUQUIO,96
1099,11,PAZOS,96
1100,13,QUISHUAR,96
1101,14,SALCABAMBA,96
1102,15,SALCAHUASI,96
1103,16,SAN MARCOS DE ROCCHAC,96
1104,17,SURCUBAMBA,96
1105,18,TINTAY PUNCU,96
1106,01,HUANUCO,98
1107,02,AMARILIS,98
1108,03,CHINCHAO,98
1109,04,CHURUBAMBA,98
1110,05,MARGOS,98
1111,06,QUISQUI,98
1112,07,SAN FRANCISCO DE CAYRAN,98
1113,08,SAN PEDRO DE CHAULAN,98
1114,09,SANTA MARIA DEL VALLE,98
1115,10,YARUMAYO,98
1116,11,PILLCO MARCA,98
1117,01,AMBO,99
1118,02,CAYNA,99
1119,03,COLPAS,99
1120,04,CONCHAMARCA,99
1121,05,HUACAR,99
1122,06,SAN FRANCISCO,99
1123,07,SAN RAFAEL,99
1124,08,TOMAY KICHWA,99
1125,01,LA UNION,100
1126,07,CHUQUIS,100
1127,11,MARIAS,100
1128,13,PACHAS,100
1129,16,QUIVILLA,100
1130,17,RIPAN,100
1131,21,SHUNQUI,100
1132,22,SILLAPATA,100
1133,23,YANAS,100
1134,01,HUACAYBAMBA,101
1135,02,CANCHABAMBA,101
1136,03,COCHABAMBA,101
1137,04,PINRA,101
1138,01,LLATA,102
1139,02,ARANCAY,102
1140,03,CHAVIN DE PARIARCA,102
1141,04,JACAS GRANDE,102
1142,05,JIRCAN,102
1143,06,MIRAFLORES,102
1144,07,MONZON,102
1145,08,PUNCHAO,102
1146,09,PUÑOS,102
1147,10,SINGA,102
1148,11,TANTAMAYO,102
1149,01,RUPA-RUPA,103
1150,02,DANIEL ALOMIAS ROBLES,103
1151,03,HERMILIO VALDIZAN,103
1152,04,JOSE CRESPO Y CASTILLO,103
1153,05,LUYANDO,103
1154,06,MARIANO DAMASO BERAUN,103
1155,01,HUACRACHUCO,104
1156,02,CHOLON,104
1157,03,SAN BUENAVENTURA,104
1158,01,PANAO,105
1159,02,CHAGLLA,105
1160,03,MOLINO,105
1161,04,UMARI,105
1162,01,PUERTO INCA,106
1163,02,CODO DEL POZUZO,106
1164,03,HONORIA,106
1165,04,TOURNAVISTA,106
1166,05,YUYAPICHIS,106
1167,01,JESUS,107
1168,02,BAÑOS,107
1169,03,JIVIA,107
1170,04,QUEROPALCA,107
1171,05,RONDOS,107
1172,06,SAN FRANCISCO DE ASIS,107
1173,07,SAN MIGUEL DE CAURI,107
1174,01,CHAVINILLO,108
1175,02,CAHUAC,108
1176,03,CHACABAMBA,108
1177,04,APARICIO POMARES,108
1178,05,JACAS CHICO,108
1179,06,OBAS,108
1180,07,PAMPAMARCA,108
1181,08,CHORAS,108
1182,01,ICA,110
1183,02,LA TINGUIÑA,110
1184,03,LOS AQUIJES,110
1185,04,OCUCAJE,110
1186,05,PACHACUTEC,110
1187,06,PARCONA,110
1188,07,PUEBLO NUEVO,110
1189,08,SALAS,110
1190,09,SAN JOSE DE LOS MOLINOS,110
1191,10,SAN JUAN BAUTISTA,110
1192,11,SANTIAGO,110
1193,12,SUBTANJALLA,110
1194,13,TATE,110
1195,14,YAUCA DEL ROSARIO,110
1196,01,CHINCHA ALTA,111
1197,02,ALTO LARAN,111
1198,03,CHAVIN,111
1199,04,CHINCHA BAJA,111
1200,05,EL CARMEN,111
1201,06,GROCIO PRADO,111
1202,07,PUEBLO NUEVO,111
1203,08,SAN JUAN DE YANAC,111
1204,09,SAN PEDRO DE HUACARPANA,111
1205,10,SUNAMPE,111
1206,11,TAMBO DE MORA,111
1207,01,NAZCA,112
1208,02,CHANGUILLO,112
1209,03,EL INGENIO,112
1210,04,MARCONA,112
1211,05,VISTA ALEGRE,112
1212,01,PALPA,113
1213,02,LLIPATA,113
1214,03,RIO GRANDE,113
1215,04,SANTA CRUZ,113
1216,05,TIBILLO,113
1217,01,PISCO,114
1218,02,HUANCANO,114
1219,03,HUMAY,114
1220,04,INDEPENDENCIA,114
1221,05,PARACAS,114
1222,06,SAN ANDRES,114
1223,07,SAN CLEMENTE,114
1224,08,TUPAC AMARU INCA,114
1225,01,HUANCAYO,116
1226,04,CARHUACALLANGA,116
1227,05,CHACAPAMPA,116
1228,06,CHICCHE,116
1229,07,CHILCA,116
1230,08,CHONGOS ALTO,116
1231,11,CHUPURO,116
1232,12,COLCA,116
1233,13,CULLHUAS,116
1234,14,EL TAMBO,116
1235,16,HUACRAPUQUIO,116
1236,17,HUALHUAS,116
1237,19,HUANCAN,116
1238,20,HUASICANCHA,116
1239,21,HUAYUCACHI,116
1240,22,INGENIO,116
1241,24,PARIAHUANCA,116
1242,25,PILCOMAYO,116
1243,26,PUCARA,116
1244,27,QUICHUAY,116
1245,28,QUILCAS,116
1246,29,SAN AGUSTIN,116
1247,30,SAN JERONIMO DE TUNAN,116
1248,32,SAÑO,116
1249,33,SAPALLANGA,116
1250,34,SICAYA,116
1251,35,SANTO DOMINGO DE ACOBAMBA,116
1252,36,VIQUES,116
1253,01,CONCEPCION,117
1254,02,ACO,117
1255,03,ANDAMARCA,117
1256,04,CHAMBARA,117
1257,05,COCHAS,117
1258,06,COMAS,117
1259,07,HEROINAS TOLEDO,117
1260,08,MANZANARES,117
1261,09,MARISCAL CASTILLA,117
1262,10,MATAHUASI,117
1263,11,MITO,117
1264,12,NUEVE DE JULIO,117
1265,13,ORCOTUNA,117
1266,14,SAN JOSE DE QUERO,117
1267,15,SANTA ROSA DE OCOPA,117
1268,01,CHANCHAMAYO,118
1269,02,PERENE,118
1270,03,PICHANAQUI,118
1271,04,SAN LUIS DE SHUARO,118
1272,05,SAN RAMON,118
1273,06,VITOC,118
1274,01,JAUJA,119
1275,02,ACOLLA,119
1276,03,APATA,119
1277,04,ATAURA,119
1278,05,CANCHAYLLO,119
1279,06,CURICACA,119
1280,07,EL MANTARO,119
1281,08,HUAMALI,119
1282,09,HUARIPAMPA,119
1283,10,HUERTAS,119
1284,11,JANJAILLO,119
1285,12,JULCAN,119
1286,13,LEONOR ORDOÑEZ,119
1287,14,LLOCLLAPAMPA,119
1288,15,MARCO,119
1289,16,MASMA,119
1290,17,MASMA CHICCHE,119
1291,18,MOLINOS,119
1292,19,MONOBAMBA,119
1293,20,MUQUI,119
1294,21,MUQUIYAUYO,119
1295,22,PACA,119
1296,23,PACCHA,119
1297,24,PANCAN,119
1298,25,PARCO,119
1299,26,POMACANCHA,119
1300,27,RICRAN,119
1301,28,SAN LORENZO,119
1302,29,SAN PEDRO DE CHUNAN,119
1303,30,SAUSA,119
1304,31,SINCOS,119
1305,32,TUNAN MARCA,119
1306,33,YAULI,119
1307,34,YAUYOS,119
1308,01,JUNIN,120
1309,02,CARHUAMAYO,120
1310,03,ONDORES,120
1311,04,ULCUMAYO,120
1312,01,SATIPO,121
1313,02,COVIRIALI,121
1314,03,LLAYLLA,121
1315,04,MAZAMARI,121
1316,05,PAMPA HERMOSA,121
1317,06,PANGOA,121
1318,07,RIO NEGRO,121
1319,08,RIO TAMBO,121
1320,01,TARMA,122
1321,02,ACOBAMBA,122
1322,03,HUARICOLCA,122
1323,04,HUASAHUASI,122
1324,05,LA UNION,122
1325,06,PALCA,122
1326,07,PALCAMAYO,122
1327,08,SAN PEDRO DE CAJAS,122
1328,09,TAPO,122
1329,01,LA OROYA,123
1330,02,CHACAPALPA,123
1331,03,HUAY-HUAY,123
1332,04,MARCAPOMACOCHA,123
1333,05,MOROCOCHA,123
1334,06,PACCHA,123
1335,07,SANTA BARBARA DE CARHUACAYAN,123
1336,08,SANTA ROSA DE SACCO,123
1337,09,SUITUCANCHA,123
1338,10,YAULI,123
1339,01,CHUPACA,124
1340,02,AHUAC,124
1341,03,CHONGOS BAJO,124
1342,04,HUACHAC,124
1343,05,HUAMANCACA CHICO,124
1344,06,SAN JUAN DE YSCOS,124
1345,07,SAN JUAN DE JARPA,124
1346,08,TRES DE DICIEMBRE,124
1347,09,YANACANCHA,124
1348,01,TRUJILLO,126
1349,02,EL PORVENIR,126
1350,03,FLORENCIA DE MORA,126
1351,04,HUANCHACO,126
1352,05,LA ESPERANZA,126
1353,06,LAREDO,126
1354,07,MOCHE,126
1355,08,POROTO,126
1356,09,SALAVERRY,126
1357,10,SIMBAL,126
1358,11,VICTOR LARCO HERRERA,126
1359,01,ASCOPE,127
1360,02,CHICAMA,127
1361,03,CHOCOPE,127
1362,04,MAGDALENA DE CAO,127
1363,05,PAIJAN,127
1364,06,RAZURI,127
1365,07,SANTIAGO DE CAO,127
1366,08,CASA GRANDE,127
1367,01,BOLIVAR,128
1368,02,BAMBAMARCA,128
1369,03,CONDORMARCA,128
1370,04,LONGOTEA,128
1371,05,UCHUMARCA,128
1372,06,UCUNCHA,128
1373,01,CHEPEN,129
1374,02,PACANGA,129
1375,03,PUEBLO NUEVO,129
1376,01,JULCAN,130
1377,02,CALAMARCA,130
1378,03,CARABAMBA,130
1379,04,HUASO,130
1380,01,OTUZCO,131
1381,02,AGALLPAMPA,131
1382,04,CHARAT,131
1383,05,HUARANCHAL,131
1384,06,LA CUESTA,131
1385,08,MACHE,131
1386,10,PARANDAY,131
1387,11,SALPO,131
1388,13,SINSICAP,131
1389,14,USQUIL,131
1390,01,SAN PEDRO DE LLOC,132
1391,02,GUADALUPE,132
1392,03,JEQUETEPEQUE,132
1393,04,PACASMAYO,132
1394,05,SAN JOSE,132
1395,01,TAYABAMBA,133
1396,02,BULDIBUYO,133
1397,03,CHILLIA,133
1398,04,HUANCASPATA,133
1399,05,HUAYLILLAS,133
1400,06,HUAYO,133
1401,07,ONGON,133
1402,08,PARCOY,133
1403,09,PATAZ,133
1404,10,PIAS,133
1405,11,SANTIAGO DE CHALLAS,133
1406,12,TAURIJA,133
1407,13,URPAY,133
1408,01,HUAMACHUCO,134
1409,02,CHUGAY,134
1410,03,COCHORCO,134
1411,04,CURGOS,134
1412,05,MARCABAL,134
1413,06,SANAGORAN,134
1414,07,SARIN,134
1415,08,SARTIMBAMBA,134
1416,01,SANTIAGO DE CHUCO,135
1417,02,ANGASMARCA,135
1418,03,CACHICADAN,135
1419,04,MOLLEBAMBA,135
1420,05,MOLLEPATA,135
1421,06,QUIRUVILCA,135
1422,07,SANTA CRUZ DE CHUCA,135
1423,08,SITABAMBA,135
1424,01,CASCAS,136
1425,02,LUCMA,136
1426,03,COMPIN,136
1427,04,SAYAPULLO,136
1428,01,VIRU,137
1429,02,CHAO,137
1430,03,GUADALUPITO,137
1431,01,CHICLAYO,139
1432,02,CHONGOYAPE,139
1433,03,ETEN,139
1434,04,ETEN PUERTO,139
1435,05,JOSE LEONARDO ORTIZ,139
1436,06,LA VICTORIA,139
1437,07,LAGUNAS,139
1438,08,MONSEFU,139
1439,09,NUEVA ARICA,139
1440,10,OYOTUN,139
1441,11,PICSI,139
1442,12,PIMENTEL,139
1443,13,REQUE,139
1444,14,SANTA ROSA,139
1445,15,SAÑA,139
1446,16,CAYALTI,139
1447,17,PATAPO,139
1448,18,POMALCA,139
1449,19,PUCALA,139
1450,20,TUMAN,139
1451,01,FERREÑAFE,140
1452,02,CAÑARIS,140
1453,03,INCAHUASI,140
1454,04,MANUEL ANTONIO MESONES MURO,140
1455,05,PITIPO,140
1456,06,PUEBLO NUEVO,140
1457,01,LAMBAYEQUE,141
1458,02,CHOCHOPE,141
1459,03,ILLIMO,141
1460,04,JAYANCA,141
1461,05,MOCHUMI,141
1462,06,MORROPE,141
1463,07,MOTUPE,141
1464,08,OLMOS,141
1465,09,PACORA,141
1466,10,SALAS,141
1467,11,SAN JOSE,141
1468,12,TUCUME,141
1469,01,LIMA,143
1470,02,ANCON,143
1471,03,ATE,143
1472,04,BARRANCO,143
1473,05,BREÑA,143
1474,06,CARABAYLLO,143
1475,07,CHACLACAYO,143
1476,08,CHORRILLOS,143
1477,09,CIENEGUILLA,143
1478,10,COMAS,143
1479,11,EL AGUSTINO,143
1480,12,INDEPENDENCIA,143
1481,13,JESUS MARIA,143
1482,14,LA MOLINA,143
1483,15,LA VICTORIA,143
1484,16,LINCE,143
1485,17,LOS OLIVOS,143
1486,18,LURIGANCHO,143
1487,19,LURIN,143
1488,20,MAGDALENA DEL MAR,143
1489,21,MAGDALENA VIEJA,143
1490,22,MIRAFLORES,143
1491,23,PACHACAMAC,143
1492,24,PUCUSANA,143
1493,25,PUENTE PIEDRA,143
1494,26,PUNTA HERMOSA,143
1495,27,PUNTA NEGRA,143
1496,28,RIMAC,143
1497,29,SAN BARTOLO,143
1498,30,SAN BORJA,143
1499,31,SAN ISIDRO,143
1500,32,SAN JUAN DE LURIGANCHO,143
1501,33,SAN JUAN DE MIRAFLORES,143
1502,34,SAN LUIS,143
1503,35,SAN MARTIN DE PORRES,143
1504,36,SAN MIGUEL,143
1505,37,SANTA ANITA,143
1506,38,SANTA MARIA DEL MAR,143
1507,39,SANTA ROSA,143
1508,40,SANTIAGO DE SURCO,143
1509,41,SURQUILLO,143
1510,42,VILLA EL SALVADOR,143
1511,43,VILLA MARIA DEL TRIUNFO,143
1512,01,BARRANCA,144
1513,02,PARAMONGA,144
1514,03,PATIVILCA,144
1515,04,SUPE,144
1516,05,SUPE PUERTO,144
1517,01,CAJATAMBO,145
1518,02,COPA,145
1519,03,GORGOR,145
1520,04,HUANCAPON,145
1521,05,MANAS,145
1522,01,CANTA,146
1523,02,ARAHUAY,146
1524,03,HUAMANTANGA,146
1525,04,HUAROS,146
1526,05,LACHAQUI,146
1527,06,SAN BUENAVENTURA,146
1528,07,SANTA ROSA DE QUIVES,146
1529,01,SAN VICENTE DE CAÑETE,147
1530,02,ASIA,147
1531,03,CALANGO,147
1532,04,CERRO AZUL,147
1533,05,CHILCA,147
1534,06,COAYLLO,147
1535,07,IMPERIAL,147
1536,08,LUNAHUANA,147
1537,09,MALA,147
1538,10,NUEVO IMPERIAL,147
1539,11,PACARAN,147
1540,12,QUILMANA,147
1541,13,SAN ANTONIO,147
1542,14,SAN LUIS,147
1543,15,SANTA CRUZ DE FLORES,147
1544,16,ZUÑIGA,147
1545,01,HUARAL,148
1546,02,ATAVILLOS ALTO,148
1547,03,ATAVILLOS BAJO,148
1548,04,AUCALLAMA,148
1549,05,CHANCAY,148
1550,06,IHUARI,148
1551,07,LAMPIAN,148
1552,08,PACARAOS,148
1553,09,SAN MIGUEL DE ACOS,148
1554,10,SANTA CRUZ DE ANDAMARCA,148
1555,11,SUMBILCA,148
1556,12,VEINTISIETE DE NOVIEMBRE,148
1557,01,MATUCANA,149
1558,02,ANTIOQUIA,149
1559,03,CALLAHUANCA,149
1560,04,CARAMPOMA,149
1561,05,CHICLA,149
1562,06,CUENCA,149
1563,07,HUACHUPAMPA,149
1564,08,HUANZA,149
1565,09,HUAROCHIRI,149
1566,10,LAHUAYTAMBO,149
1567,11,LANGA,149
1568,12,LARAOS,149
1569,13,MARIATANA,149
1570,14,RICARDO PALMA,149
1571,15,SAN ANDRES DE TUPICOCHA,149
1572,16,SAN ANTONIO,149
1573,17,SAN BARTOLOME,149
1574,18,SAN DAMIAN,149
1575,19,SAN JUAN DE IRIS,149
1576,20,SAN JUAN DE TANTARANCHE,149
1577,21,SAN LORENZO DE QUINTI,149
1578,22,SAN MATEO,149
1579,23,SAN MATEO DE OTAO,149
1580,24,SAN PEDRO DE CASTA,149
1581,25,SAN PEDRO DE HUANCAYRE,149
1582,26,SANGALLAYA,149
1583,27,SANTA CRUZ DE COCACHACRA,149
1584,28,SANTA EULALIA,149
1585,29,SANTIAGO DE ANCHUCAYA,149
1586,30,SANTIAGO DE TUNA,149
1587,31,SANTO DOMINGO DE LOS OLLEROS,149
1588,32,SURCO,149
1589,01,HUACHO,150
1590,02,AMBAR,150
1591,03,CALETA DE CARQUIN,150
1592,04,CHECRAS,150
1593,05,HUALMAY,150
1594,06,HUAURA,150
1595,07,LEONCIO PRADO,150
1596,08,PACCHO,150
1597,09,SANTA LEONOR,150
1598,10,SANTA MARIA,150
1599,11,SAYAN,150
1600,12,VEGUETA,150
1601,01,OYON,151
1602,02,ANDAJES,151
1603,03,CAUJUL,151
1604,04,COCHAMARCA,151
1605,05,NAVAN,151
1606,06,PACHANGARA,151
1607,01,YAUYOS,152
1608,02,ALIS,152
1609,03,AYAUCA,152
1610,04,AYAVIRI,152
1611,05,AZANGARO,152
1612,06,CACRA,152
1613,07,CARANIA,152
1614,08,CATAHUASI,152
1615,09,CHOCOS,152
1616,10,COCHAS,152
1617,11,COLONIA,152
1618,12,HONGOS,152
1619,13,HUAMPARA,152
1620,14,HUANCAYA,152
1621,15,HUANGASCAR,152
1622,16,HUANTAN,152
1623,17,HUAÑEC,152
1624,18,LARAOS,152
1625,19,LINCHA,152
1626,20,MADEAN,152
1627,21,MIRAFLORES,152
1628,22,OMAS,152
1629,23,PUTINZA,152
1630,24,QUINCHES,152
1631,25,QUINOCAY,152
1632,26,SAN JOAQUIN,152
1633,27,SAN PEDRO DE PILAS,152
1634,28,TANTA,152
1635,29,TAURIPAMPA,152
1636,30,TOMAS,152
1637,31,TUPE,152
1638,32,VIÑAC,152
1639,33,VITIS,152
1640,01,IQUITOS,154
1641,02,ALTO NANAY,154
1642,03,FERNANDO LORES,154
1643,04,INDIANA,154
1644,05,LAS AMAZONAS,154
1645,06,MAZAN,154
1646,07,NAPO,154
1647,08,PUNCHANA,154
1648,09,PUTUMAYO,154
1649,10,TORRES CAUSANA,154
1650,12,BELEN,154
1651,13,SAN JUAN BAUTISTA,154
1652,14,TENIENTE MANUEL CLAVERO,154
1653,01,YURIMAGUAS,155
1819,06,CHUCUITO,183
1654,02,BALSAPUERTO,155
1655,05,JEBEROS,155
1656,06,LAGUNAS,155
1657,10,SANTA CRUZ,155
1658,11,TENIENTE CESAR LOPEZ ROJAS,155
1659,01,NAUTA,156
1660,02,PARINARI,156
1661,03,TIGRE,156
1662,04,TROMPETEROS,156
1663,05,URARINAS,156
1664,01,RAMON CASTILLA,157
1665,02,PEBAS,157
1666,03,YAVARI,157
1667,04,SAN PABLO,157
1668,01,REQUENA,158
1669,02,ALTO TAPICHE,158
1670,03,CAPELO,158
1671,04,EMILIO SAN MARTIN,158
1672,05,MAQUIA,158
1673,06,PUINAHUA,158
1674,07,SAQUENA,158
1675,08,SOPLIN,158
1676,09,TAPICHE,158
1677,10,JENARO HERRERA,158
1678,11,YAQUERANA,158
1679,01,CONTAMANA,159
1680,02,INAHUAYA,159
1681,03,PADRE MARQUEZ,159
1682,04,PAMPA HERMOSA,159
1683,05,SARAYACU,159
1684,06,VARGAS GUERRA,159
1685,01,BARRANCA,160
1686,02,CAHUAPANAS,160
1687,03,MANSERICHE,160
1688,04,MORONA,160
1689,05,PASTAZA,160
1690,06,ANDOAS,160
1691,01,TAMBOPATA,162
1692,02,INAMBARI,162
1693,03,LAS PIEDRAS,162
1694,04,LABERINTO,162
1695,01,MANU,163
1696,02,FITZCARRALD,163
1697,03,MADRE DE DIOS,163
1698,04,HUEPETUHE,163
1699,01,IÑAPARI,164
1700,02,IBERIA,164
1701,03,TAHUAMANU,164
1702,01,MOQUEGUA,166
1703,02,CARUMAS,166
1704,03,CUCHUMBAYA,166
1705,04,SAMEGUA,166
1706,05,SAN CRISTOBAL,166
1707,06,TORATA,166
1708,01,OMATE,167
1709,02,CHOJATA,167
1710,03,COALAQUE,167
1711,04,ICHUÑA,167
1712,05,LA CAPILLA,167
1713,06,LLOQUE,167
1714,07,MATALAQUE,167
1715,08,PUQUINA,167
1716,09,QUINISTAQUILLAS,167
1717,10,UBINAS,167
1718,11,YUNGA,167
1719,01,ILO,168
1720,02,EL ALGARROBAL,168
1721,03,PACOCHA,168
1722,01,CHAUPIMARCA,170
1723,02,HUACHON,170
1724,03,HUARIACA,170
1725,04,HUAYLLAY,170
1726,05,NINACACA,170
1727,06,PALLANCHACRA,170
1728,07,PAUCARTAMBO,170
1729,08,SAN FRANCISCO DE ASIS DE YARUSYACAN,170
1730,09,SIMON BOLIVAR,170
1731,10,TICLACAYAN,170
1732,11,TINYAHUARCO,170
1733,12,VICCO,170
1734,13,YANACANCHA,170
1735,01,YANAHUANCA,171
1736,02,CHACAYAN,171
1737,03,GOYLLARISQUIZGA,171
1738,04,PAUCAR,171
1739,05,SAN PEDRO DE PILLAO,171
1740,06,SANTA ANA DE TUSI,171
1741,07,TAPUC,171
1742,08,VILCABAMBA,171
1743,01,OXAPAMPA,172
1744,02,CHONTABAMBA,172
1745,03,HUANCABAMBA,172
1746,04,PALCAZU,172
1747,05,POZUZO,172
1748,06,PUERTO BERMUDEZ,172
1749,07,VILLA RICA,172
1750,01,PIURA,174
1751,04,CASTILLA,174
1752,05,CATACAOS,174
1753,07,CURA MORI,174
1754,08,EL TALLAN,174
1755,09,LA ARENA,174
1756,10,LA UNION,174
1757,11,LAS LOMAS,174
1758,14,TAMBO GRANDE,174
1759,01,AYABACA,175
1760,02,FRIAS,175
1761,03,JILILI,175
1762,04,LAGUNAS,175
1763,05,MONTERO,175
1764,06,PACAIPAMPA,175
1765,07,PAIMAS,175
1766,08,SAPILLICA,175
1767,09,SICCHEZ,175
1768,10,SUYO,175
1769,01,HUANCABAMBA,176
1770,02,CANCHAQUE,176
1771,03,EL CARMEN DE LA FRONTERA,176
1772,04,HUARMACA,176
1773,05,LALAQUIZ,176
1774,06,SAN MIGUEL DE EL FAIQUE,176
1775,07,SONDOR,176
1776,08,SONDORILLO,176
1777,01,CHULUCANAS,177
1778,02,BUENOS AIRES,177
1779,03,CHALACO,177
1780,04,LA MATANZA,177
1781,05,MORROPON,177
1782,06,SALITRAL,177
1783,07,SAN JUAN DE BIGOTE,177
1784,08,SANTA CATALINA DE MOSSA,177
1785,09,SANTO DOMINGO,177
1786,10,YAMANGO,177
1787,01,PAITA,178
1788,02,AMOTAPE,178
1789,03,ARENAL,178
1790,04,COLAN,178
1791,05,LA HUACA,178
1792,06,TAMARINDO,178
1793,07,VICHAYAL,178
1794,01,SULLANA,179
1795,02,BELLAVISTA,179
1796,03,IGNACIO ESCUDERO,179
1797,04,LANCONES,179
1798,05,MARCAVELICA,179
1799,06,MIGUEL CHECA,179
1800,07,QUERECOTILLO,179
1801,08,SALITRAL,179
1802,01,PARIÑAS,180
1803,02,EL ALTO,180
1804,03,LA BREA,180
1805,04,LOBITOS,180
1806,05,LOS ORGANOS,180
1807,06,MANCORA,180
1808,01,SECHURA,181
1809,02,BELLAVISTA DE LA UNION,181
1810,03,BERNAL,181
1811,04,CRISTO NOS VALGA,181
1812,05,VICE,181
1813,06,RINCONADA LLICUAR,181
1814,01,PUNO,183
1815,02,ACORA,183
1816,03,AMANTANI,183
1817,04,ATUNCOLLA,183
1818,05,CAPACHICA,183
1820,07,COATA,183
1821,08,HUATA,183
1822,09,MAÑAZO,183
1823,10,PAUCARCOLLA,183
1824,11,PICHACANI,183
1825,12,PLATERIA,183
1826,13,SAN ANTONIO,183
1827,14,TIQUILLACA,183
1828,15,VILQUE,183
1829,01,AZANGARO,184
1830,02,ACHAYA,184
1831,03,ARAPA,184
1832,04,ASILLO,184
1833,05,CAMINACA,184
1834,06,CHUPA,184
1835,07,JOSE DOMINGO CHOQUEHUANCA,184
1836,08,MUÑANI,184
1837,09,POTONI,184
1838,10,SAMAN,184
1839,11,SAN ANTON,184
1840,12,SAN JOSE,184
1841,13,SAN JUAN DE SALINAS,184
1842,14,SANTIAGO DE PUPUJA,184
1843,15,TIRAPATA,184
1844,01,MACUSANI,185
1845,02,AJOYANI,185
1846,03,AYAPATA,185
1847,04,COASA,185
1848,05,CORANI,185
1849,06,CRUCERO,185
1850,07,ITUATA,185
1851,08,OLLACHEA,185
1852,09,SAN GABAN,185
1853,10,USICAYOS,185
1854,01,JULI,186
1855,02,DESAGUADERO,186
1856,03,HUACULLANI,186
1857,04,KELLUYO,186
1858,05,PISACOMA,186
1859,06,POMATA,186
1860,07,ZEPITA,186
1861,01,ILAVE,187
1862,02,CAPAZO,187
1863,03,PILCUYO,187
1864,04,SANTA ROSA,187
1865,05,CONDURIRI,187
1866,01,HUANCANE,188
1867,02,COJATA,188
1868,03,HUATASANI,188
1869,04,INCHUPALLA,188
1870,05,PUSI,188
1871,06,ROSASPATA,188
1872,07,TARACO,188
1873,08,VILQUE CHICO,188
1874,01,LAMPA,189
1875,02,CABANILLA,189
1876,03,CALAPUJA,189
1877,04,NICASIO,189
1878,05,OCUVIRI,189
1879,06,PALCA,189
1880,07,PARATIA,189
1881,08,PUCARA,189
1882,09,SANTA LUCIA,189
1883,10,VILAVILA,189
1884,01,AYAVIRI,190
1885,02,ANTAUTA,190
1886,03,CUPI,190
1887,04,LLALLI,190
1888,05,MACARI,190
1889,06,NUÑOA,190
1890,07,ORURILLO,190
1891,08,SANTA ROSA,190
1892,09,UMACHIRI,190
1893,01,MOHO,191
1894,02,CONIMA,191
1895,03,HUAYRAPATA,191
1896,04,TILALI,191
1897,01,PUTINA,192
1898,02,ANANEA,192
1899,03,PEDRO VILCA APAZA,192
1900,04,QUILCAPUNCU,192
1901,05,SINA,192
1902,01,JULIACA,193
1903,02,CABANA,193
1904,03,CABANILLAS,193
1905,04,CARACOTO,193
1906,01,SANDIA,194
1907,02,CUYOCUYO,194
1908,03,LIMBANI,194
1909,04,PATAMBUCO,194
1910,05,PHARA,194
1911,06,QUIACA,194
1912,07,SAN JUAN DEL ORO,194
1913,08,YANAHUAYA,194
1914,09,ALTO INAMBARI,194
1915,10,SAN PEDRO DE PUTINA PUNCO,194
1916,01,YUNGUYO,195
1917,02,ANAPIA,195
1918,03,COPANI,195
1919,04,CUTURAPI,195
1920,05,OLLARAYA,195
1921,06,TINICACHI,195
1922,07,UNICACHI,195
1923,01,MOYOBAMBA,197
1924,02,CALZADA,197
1925,03,HABANA,197
1926,04,JEPELACIO,197
1927,05,SORITOR,197
1928,06,YANTALO,197
1929,01,BELLAVISTA,198
1930,02,ALTO BIAVO,198
1931,03,BAJO BIAVO,198
1932,04,HUALLAGA,198
1933,05,SAN PABLO,198
1934,06,SAN RAFAEL,198
1935,01,SAN JOSE DE SISA,199
1936,02,AGUA BLANCA,199
1937,03,SAN MARTIN,199
1938,04,SANTA ROSA,199
1939,05,SHATOJA,199
1940,01,SAPOSOA,200
1941,02,ALTO SAPOSOA,200
1942,03,EL ESLABON,200
1943,04,PISCOYACU,200
1944,05,SACANCHE,200
1945,06,TINGO DE SAPOSOA,200
1946,01,LAMAS,201
1947,02,ALONSO DE ALVARADO,201
1948,03,BARRANQUITA,201
1949,04,CAYNARACHI,201
1950,05,CUÑUMBUQUI,201
1951,06,PINTO RECODO,201
1952,07,RUMISAPA,201
1953,08,SAN ROQUE DE CUMBAZA,201
1954,09,SHANAO,201
1955,10,TABALOSOS,201
1956,11,ZAPATERO,201
1957,01,JUANJUI,202
1958,02,CAMPANILLA,202
1959,03,HUICUNGO,202
1960,04,PACHIZA,202
1961,05,PAJARILLO,202
1962,01,PICOTA,203
1963,02,BUENOS AIRES,203
1964,03,CASPISAPA,203
1965,04,PILLUANA,203
1966,05,PUCACACA,203
1967,06,SAN CRISTOBAL,203
1968,07,SAN HILARION,203
1969,08,SHAMBOYACU,203
1970,09,TINGO DE PONASA,203
1971,10,TRES UNIDOS,203
1972,01,RIOJA,204
1973,02,AWAJUN,204
1974,03,ELIAS SOPLIN VARGAS,204
1975,04,NUEVA CAJAMARCA,204
1976,05,PARDO MIGUEL,204
1977,06,POSIC,204
1978,07,SAN FERNANDO,204
1979,08,YORONGOS,204
1980,09,YURACYACU,204
1981,01,TARAPOTO,205
1982,02,ALBERTO LEVEAU,205
1983,03,CACATACHI,205
1984,04,CHAZUTA,205
1985,05,CHIPURANA,205
1986,06,EL PORVENIR,205
1987,07,HUIMBAYOC,205
1988,08,JUAN GUERRA,205
1989,09,LA BANDA DE SHILCAYO,205
1990,10,MORALES,205
1991,11,PAPAPLAYA,205
1992,12,SAN ANTONIO,205
1993,13,SAUCE,205
1994,14,SHAPAJA,205
1995,01,TOCACHE,206
1996,02,NUEVO PROGRESO,206
1997,03,POLVORA,206
1998,04,SHUNTE,206
1999,05,UCHIZA,206
2001,02,ALTO DE LA ALIANZA,208
2002,03,CALANA,208
2003,04,CIUDAD NUEVA,208
2004,05,INCLAN,208
2005,06,PACHIA,208
2006,07,PALCA,208
2007,08,POCOLLAY,208
2008,09,SAMA,208
2009,10,CORONEL GREGORIO ALBARRACIN LANCHIPA,208
2010,01,CANDARAVE,209
2011,02,CAIRANI,209
2012,03,CAMILACA,209
2013,04,CURIBAYA,209
2014,05,HUANUARA,209
2015,06,QUILAHUANI,209
2016,01,LOCUMBA,210
2017,02,ILABAYA,210
2018,03,ITE,210
2019,01,TARATA,211
2020,02,HEROES ALBARRACIN,211
2021,03,ESTIQUE,211
2022,04,ESTIQUE-PAMPA,211
2023,05,SITAJARA,211
2024,06,SUSAPAYA,211
2025,07,TARUCACHI,211
2026,08,TICACO,211
2027,01,TUMBES,213
2028,02,CORRALES,213
2029,03,LA CRUZ,213
2030,04,PAMPAS DE HOSPITAL,213
2031,05,SAN JACINTO,213
2032,06,SAN JUAN DE LA VIRGEN,213
2033,01,ZORRITOS,214
2034,02,CASITAS,214
2035,03,CANOAS DE PUNTA SAL,214
2036,01,ZARUMILLA,215
2037,02,AGUAS VERDES,215
2038,03,MATAPALO,215
2039,04,PAPAYAL,215
2040,01,CALLERIA,217
2041,02,CAMPOVERDE,217
2042,03,IPARIA,217
2043,04,MASISEA,217
2044,05,YARINACOCHA,217
2045,06,NUEVA REQUENA,217
2046,07,MANANTAY,217
2047,01,RAYMONDI,218
2048,02,SEPAHUA,218
2049,03,TAHUANIA,218
2050,04,YURUA,218
2051,01,PADRE ABAD,219
2052,02,IRAZOLA,219
2053,03,CURIMANA,219
2054,01,PURUS,220
